bin	sign
10	-1
13	-1
16	-1
19	-1
22	-1
26	-1
37	-1
40	-1
44	-1
47	-1
51	-1
54	-1
57	-1
60	-1
64	-1
68	-1
71	-1
79	-1
82	-1
85	-1
96	-1
100	-1
103	-1
106	-1
109	-1
112	-1
117	-1
120	-1
123	-1
128	-1
131	-1
135	-1
141	-1
145	-1
150	-1
153	-1
156	-1
160	-1
163	-1
167	-1
172	-1
175	-1
179	-1
184	-1
189	-1
196	-1
200	-1
205	-1
209	-1
212	-1
215	-1
219	-1
222	-1
228	-1
233	-1
236	-1
240	-1
244	-1
247	-1
250	-1
253	-1
256	-1
259	-1
262	-1
265	-1
268	-1
271	-1
277	-1
281	-1
284	-1
287	-1
290	-1
294	-1
300	-1
304	-1
308	-1
314	-1
320	-1
327	-1
333	-1
339	-1
343	-1
346	-1
349	-1
352	-1
355	-1
358	-1
362	-1
366	-1
370	-1
379	-1
388	-1
392	-1
397	-1
401	-1
406	-1
411	-1
414	-1
417	-1
421	-1
427	-1
432	-1
437	-1
441	-1
449	-1
452	-1
458	-1
461	-1
466	-1
469	-1
473	-1
484	-1
487	-1
490	-1
494	-1
497	-1
502	-1
516	-1
519	-1
523	-1
528	-1
531	-1
534	-1
539	-1
542	-1
551	-1
555	-1
559	-1
564	-1
578	-1
583	-1
588	-1
591	-1
594	-1
599	-1
602	-1
607	-1
612	-1
616	-1
619	-1
623	-1
627	-1
633	-1
638	-1
641	-1
644	-1
647	-1
650	-1
653	-1
663	-1
666	-1
670	-1
680	-1
683	-1
686	-1
689	-1
692	-1
695	-1
698	-1
701	-1
705	-1
708	-1
714	-1
717	-1
720	-1
723	-1
726	-1
737	-1
740	-1
744	-1
749	-1
752	-1
755	-1
758	-1
761	-1
764	-1
768	-1
772	-1
775	-1
780	-1
788	-1
791	-1
796	-1
800	-1
805	-1
809	-1
816	-1
822	-1
827	-1
831	-1
836	-1
841	-1
845	-1
848	-1
859	-1
869	-1
873	-1
877	-1
882	-1
885	-1
889	-1
892	-1
895	-1
898	-1
901	-1
904	-1
907	-1
910	-1
919	-1
924	-1
927	-1
930	-1
934	-1
937	-1
941	-1
944	-1
960	-1
964	-1
969	-1
972	-1
976	-1
979	-1
983	-1
989	-1
992	-1
996	-1
1000	-1
1010	-1
1019	-1
1026	-1
1035	-1
1039	-1
1042	-1
1046	-1
1049	-1
1055	-1
1058	-1
1061	-1
1064	-1
1069	-1
1075	-1
1088	-1
1091	-1
1095	-1
1099	-1
1104	-1
1114	-1
1117	-1
1121	-1
1124	-1
1127	-1
1131	-1
1136	-1
1146	-1
1149	-1
1162	-1
1165	-1
1173	-1
1176	-1
1186	-1
1194	-1
1198	-1
1201	-1
1206	-1
1219	-1
1223	-1
1232	-1
1235	-1
1239	-1
1242	-1
1245	-1
1248	-1
1251	-1
1255	-1
1258	-1
1271	-1
1276	-1
1282	-1
1285	-1
1297	-1
1301	-1
1304	-1
1307	-1
1310	-1
1316	-1
1319	-1
1322	-1
1330	-1
1333	-1
1340	-1
1346	-1
1350	-1
1360	-1
1363	-1
1366	-1
1371	-1
1374	-1
1377	-1
1380	-1
1388	-1
1393	-1
1397	-1
1400	-1
1403	-1
1410	-1
1413	-1
1417	-1
1422	-1
1426	-1
1429	-1
1433	-1
1436	-1
1440	-1
1445	-1
1451	-1
1455	-1
1463	-1
1469	-1
1475	-1
1478	-1
1487	-1
1490	-1
1493	-1
1497	-1
1504	-1
1513	-1
1516	-1
1524	-1
1536	-1
1540	-1
1544	-1
1547	-1
1550	-1
1560	-1
1575	-1
1578	-1
1585	-1
1589	-1
1593	-1
1599	-1
1604	-1
1617	-1
1620	-1
1624	-1
1627	-1
1630	-1
1633	-1
1638	-1
1642	-1
1645	-1
1648	-1
1651	-1
1654	-1
1658	-1
1662	-1
1668	-1
1671	-1
1674	-1
1680	-1
1683	-1
1689	-1
1692	-1
1702	-1
1709	-1
1714	-1
1719	-1
1726	-1
1730	-1
1734	-1
1737	-1
1740	-1
1745	-1
1748	-1
1751	-1
1754	-1
1757	-1
1761	-1
1765	-1
1770	-1
1773	-1
1777	-1
1785	-1
1791	-1
1795	-1
1798	-1
1802	-1
1805	-1
1808	-1
1813	-1
1825	-1
1831	-1
1834	-1
1837	-1
1842	-1
1846	-1
1856	-1
1862	-1
1870	-1
1873	-1
1876	-1
1885	-1
1889	-1
1896	-1
1905	-1
1908	-1
1912	-1
1918	-1
1921	-1
1929	-1
1933	-1
1936	-1
1941	-1
1947	-1
1956	-1
1959	-1
1967	-1
1970	-1
1973	-1
1981	-1
1985	-1
1991	-1
1999	-1
2006	-1
2009	-1
2012	-1
2015	-1
2021	-1
2028	-1
2031	-1
2036	-1
2039	-1
2042	-1
2046	-1
2052	-1
2058	-1
2061	-1
2067	-1
2071	-1
2075	-1
2078	-1
2081	-1
2085	-1
2092	-1
2096	-1
2099	-1
2102	-1
2105	-1
2116	-1
2120	-1
2126	-1
2133	-1
2136	-1
2139	-1
2147	-1
2150	-1
2154	-1
2157	-1
2162	-1
2171	-1
2178	-1
2185	-1
2194	-1
2199	-1
2206	-1
2238	-1
2244	-1
2255	-1
2259	-1
2266	-1
2269	-1
2272	-1
2275	-1
2284	-1
2287	-1
2294	-1
2297	-1
2300	-1
2304	-1
2307	-1
2312	-1
2316	-1
2324	-1
2329	-1
2335	-1
2339	-1
2344	-1
2354	-1
2358	-1
2362	-1
2365	-1
2368	-1
2374	-1
2380	-1
2389	-1
2395	-1
2398	-1
2401	-1
2411	-1
2415	-1
2419	-1
2422	-1
2425	-1
2428	-1
2437	-1
2442	-1
2445	-1
2449	-1
2454	-1
2461	-1
2466	-1
2469	-1
2472	-1
2486	-1
2492	-1
2495	-1
2500	-1
2504	-1
2519	-1
2526	-1
2531	-1
2536	-1
2541	-1
2553	-1
2557	-1
2560	-1
2568	-1
2584	-1
2587	-1
2593	-1
2600	-1
2612	-1
2617	-1
2624	-1
2633	-1
2636	-1
2642	-1
2648	-1
2652	-1
2667	-1
2670	-1
2674	-1
2680	-1
2684	-1
2689	-1
2693	-1
2697	-1
2703	-1
2709	-1
2715	-1
2720	-1
2724	-1
2730	-1
2733	-1
2737	-1
2741	-1
2744	-1
2749	-1
2753	-1
2759	-1
2767	-1
2771	-1
2787	-1
2790	-1
2796	-1
2799	-1
2802	-1
2806	-1
2809	-1
2812	-1
2816	-1
2819	-1
2824	-1
2838	-1
2846	-1
2851	-1
2858	-1
2861	-1
2868	-1
2871	-1
2875	-1
2881	-1
2884	-1
2888	-1
2897	-1
2903	-1
2909	-1
2918	-1
2921	-1
2924	-1
2927	-1
2935	-1
2941	-1
2944	-1
2948	-1
2952	-1
2955	-1
2958	-1
2962	-1
2965	-1
2969	-1
2977	-1
2981	-1
2985	-1
2988	-1
2991	-1
2997	-1
3000	-1
3004	-1
3009	-1
3016	-1
3022	-1
3028	-1
3034	-1
3039	-1
3043	-1
3052	-1
3055	-1
3060	-1
3069	-1
3076	-1
3081	-1
3085	-1
3089	-1
3094	-1
3109	-1
3112	-1
3116	-1
3123	-1
3127	-1
3131	-1
3146	-1
3164	-1
3168	-1
3171	-1
3174	-1
3178	-1
3181	-1
3184	-1
3187	-1
3198	-1
3204	-1
3210	-1
3216	-1
3219	-1
3222	-1
3226	-1
3231	-1
3234	-1
3239	-1
3245	-1
3248	-1
3261	-1
3270	-1
3274	-1
3278	-1
3281	-1
3285	-1
3288	-1
3294	-1
3307	-1
3310	-1
3314	-1
3317	-1
3320	-1
3323	-1
3328	-1
3335	-1
3338	-1
3341	-1
3344	-1
3347	-1
3350	-1
3354	-1
3358	-1
3362	-1
3365	-1
3370	-1
3373	-1
3377	-1
3380	-1
3383	-1
3386	-1
3389	-1
3392	-1
3397	-1
3406	-1
3411	-1
3414	-1
3420	-1
3424	-1
3432	-1
3436	-1
3440	-1
3443	-1
3447	-1
3450	-1
3453	-1
3468	-1
3472	-1
3479	-1
3487	-1
3490	-1
3493	-1
3498	-1
3501	-1
3511	-1
3514	-1
3519	-1
3523	-1
3527	-1
3531	-1
3537	-1
3540	-1
3549	-1
3554	-1
3557	-1
3560	-1
3563	-1
3566	-1
3574	-1
3578	-1
3587	-1
3591	-1
3595	-1
3604	-1
3607	-1
3610	-1
3613	-1
3617	-1
3621	-1
3628	-1
3631	-1
3636	-1
3639	-1
3646	-1
3650	-1
3655	-1
3661	-1
3664	-1
3667	-1
3674	-1
3687	-1
3698	-1
3702	-1
3708	-1
3711	-1
3718	-1
3722	-1
3725	-1
3728	-1
3731	-1
3735	-1
3739	-1
3745	-1
3751	-1
3754	-1
3757	-1
3772	-1
3778	-1
3782	-1
3786	-1
3789	-1
3799	-1
3803	-1
3806	-1
3809	-1
3812	-1
3826	-1
3830	-1
3836	-1
3839	-1
3842	-1
3845	-1
3850	-1
3856	-1
3859	-1
3862	-1
3866	-1
3871	-1
3875	-1
3879	-1
3882	-1
3903	-1
3909	-1
3920	-1
3924	-1
3945	-1
3949	-1
3954	-1
3957	-1
3962	-1
3965	-1
3969	-1
3975	-1
3978	-1
3986	-1
3989	-1
3993	-1
3997	-1
4000	-1
4006	-1
4017	-1
4027	-1
4032	-1
4038	-1
4048	-1
4053	-1
4058	-1
4066	-1
4070	-1
4074	-1
4085	-1
4088	-1
4091	-1
4095	-1
4098	-1
4107	-1
4110	-1
4114	-1
4118	-1
4124	-1
4129	-1
4132	-1
4136	-1
4139	-1
4142	-1
4146	-1
4149	-1
4152	-1
4156	-1
4160	-1
4163	-1
4167	-1
4172	-1
4176	-1
4180	-1
4185	-1
4189	-1
4194	-1
4203	-1
4214	-1
4217	-1
4222	-1
4228	-1
4243	-1
4246	-1
4251	-1
4254	-1
4259	-1
4264	-1
4268	-1
4271	-1
4278	-1
4281	-1
4284	-1
4289	-1
4294	-1
4297	-1
4303	-1
4306	-1
4316	-1
4319	-1
4322	-1
4325	-1
4334	-1
4344	-1
4348	-1
4356	-1
4360	-1
4371	-1
4376	-1
4383	-1
4386	-1
4394	-1
4397	-1
4402	-1
4405	-1
4411	-1
4415	-1
4431	-1
4434	-1
4441	-1
4447	-1
4451	-1
4454	-1
4462	-1
4467	-1
4473	-1
4480	-1
4486	-1
4489	-1
4492	-1
4500	-1
4503	-1
4510	-1
4516	-1
4523	-1
4526	-1
4529	-1
4532	-1
4535	-1
4538	-1
4541	-1
4544	-1
4548	-1
4553	-1
4556	-1
4559	-1
4562	-1
4565	-1
4568	-1
4572	-1
4584	-1
4590	-1
4593	-1
4596	-1
4600	-1
4603	-1
4607	-1
4610	-1
4618	-1
4623	-1
4627	-1
4631	-1
4634	-1
4638	-1
4641	-1
4644	-1
4647	-1
4650	-1
4654	-1
4667	-1
4670	-1
4673	-1
4676	-1
4681	-1
4686	-1
4690	-1
4694	-1
4699	-1
4703	-1
4706	-1
4709	-1
4713	-1
4717	-1
4720	-1
4723	-1
4727	-1
4735	-1
4744	-1
4748	-1
4751	-1
4755	-1
4767	-1
4773	-1
4776	-1
4781	-1
4786	-1
4791	-1
4794	-1
4797	-1
4801	-1
4804	-1
4807	-1
4812	-1
4819	-1
4824	-1
4831	-1
4834	-1
4837	-1
4841	-1
4845	-1
4848	-1
4853	-1
4859	-1
4862	-1
4867	-1
4871	-1
4876	-1
4880	-1
4883	-1
4886	-1
4889	-1
4892	-1
4895	-1
4898	-1
4903	-1
4913	-1
4923	-1
4926	-1
4932	-1
4935	-1
4938	-1
4941	-1
4944	-1
4948	-1
4951	-1
4958	-1
4961	-1
4965	-1
4970	-1
4973	-1
4976	-1
4982	-1
4986	-1
4992	-1
5000	-1
5004	-1
5007	-1
5011	-1
5014	-1
5023	-1
5026	-1
5031	-1
5035	-1
5038	-1
5045	-1
5048	-1
5051	-1
5056	-1
5059	-1
5063	-1
5075	-1
5078	-1
5083	-1
5089	-1
5095	-1
5099	-1
5102	-1
5106	-1
5110	-1
5118	-1
5123	-1
5127	-1
5130	-1
5134	-1
5137	-1
5143	-1
5146	-1
5150	-1
5156	-1
5159	-1
5162	-1
5165	-1
5176	-1
5180	-1
5193	-1
5196	-1
5199	-1
5204	-1
5209	-1
5215	-1
5221	-1
5225	-1
5228	-1
5232	-1
5236	-1
5242	-1
5245	-1
5249	-1
5252	-1
5258	-1
5261	-1
5266	-1
5269	-1
5272	-1
5277	-1
5280	-1
5284	-1
5287	-1
5291	-1
5295	-1
5301	-1
5305	-1
5310	-1
5314	-1
5317	-1
5322	-1
5326	-1
5331	-1
5337	-1
5341	-1
5344	-1
5347	-1
5350	-1
5353	-1
5361	-1
5366	-1
5369	-1
5372	-1
5375	-1
5380	-1
5383	-1
5387	-1
5390	-1
5394	-1
5398	-1
5401	-1
5404	-1
5407	-1
5410	-1
5413	-1
5418	-1
5421	-1
5425	-1
5428	-1
5431	-1
5434	-1
5442	-1
5446	-1
5450	-1
5453	-1
5460	-1
5464	-1
5467	-1
5471	-1
5474	-1
5477	-1
5484	-1
5489	-1
5498	-1
5507	-1
5512	-1
5516	-1
5519	-1
5522	-1
5531	-1
5538	-1
5544	-1
5549	-1
5553	-1
5556	-1
5560	-1
5565	-1
5571	-1
5574	-1
5577	-1
5580	-1
5584	-1
5587	-1
5590	-1
5593	-1
5604	-1
5607	-1
5612	-1
5620	-1
5623	-1
5626	-1
5629	-1
5635	-1
5639	-1
5645	-1
5650	-1
5653	-1
5656	-1
5661	-1
5664	-1
5667	-1
5674	-1
5677	-1
5680	-1
5687	-1
5693	-1
5696	-1
5700	-1
5703	-1
5710	-1
5720	-1
5727	-1
5731	-1
5734	-1
5737	-1
5740	-1
5747	-1
5750	-1
5754	-1
5760	-1
5767	-1
5772	-1
5782	-1
5785	-1
5789	-1
5792	-1
5796	-1
5799	-1
5802	-1
5806	-1
5811	-1
5818	-1
5823	-1
5828	-1
5832	-1
5835	-1
5838	-1
5841	-1
5846	-1
5851	-1
5856	-1
5861	-1
5868	-1
5874	-1
5881	-1
5885	-1
5888	-1
5892	-1
5896	-1
5902	-1
5908	-1
5916	-1
5920	-1
5925	-1
5928	-1
5933	-1
5938	-1
5941	-1
5946	-1
5950	-1
5953	-1
5956	-1
5960	-1
5963	-1
5967	-1
5973	-1
5980	-1
5984	-1
5994	-1
6000	-1
6010	-1
6013	-1
6016	-1
6019	-1
6029	-1
6042	-1
6047	-1
6050	-1
6056	-1
6059	-1
6062	-1
6072	-1
6079	-1
6082	-1
6086	-1
6093	-1
6097	-1
6101	-1
6110	-1
6118	-1
6124	-1
6128	-1
6131	-1
6137	-1
6140	-1
6152	-1
6159	-1
6162	-1
6165	-1
6171	-1
6176	-1
6179	-1
6188	-1
6191	-1
6194	-1
6198	-1
6206	-1
6213	-1
6219	-1
6224	-1
6228	-1
6231	-1
6234	-1
6237	-1
6240	-1
6244	-1
6248	-1
6252	-1
6256	-1
6262	-1
6268	-1
6271	-1
6274	-1
6280	-1
6283	-1
6287	-1
6293	-1
6296	-1
6300	-1
6304	-1
6310	-1
6313	-1
6316	-1
6319	-1
6326	-1
6331	-1
6334	-1
6339	-1
6350	-1
6353	-1
6356	-1
6361	-1
6372	-1
6375	-1
6391	-1
6405	-1
6411	-1
6415	-1
6422	-1
6426	-1
6434	-1
6437	-1
6444	-1
6447	-1
6453	-1
6457	-1
6465	-1
6469	-1
6473	-1
6482	-1
6486	-1
6492	-1
6501	-1
6504	-1
6511	-1
6515	-1
6520	-1
6525	-1
6531	-1
6534	-1
6538	-1
6541	-1
6544	-1
6548	-1
6552	-1
6556	-1
6563	-1
6567	-1
6573	-1
6580	-1
6587	-1
6592	-1
6595	-1
6603	-1
6608	-1
6613	-1
6621	-1
6624	-1
6628	-1
6639	-1
6643	-1
6647	-1
6650	-1
6653	-1
6660	-1
6663	-1
6668	-1
6673	-1
6680	-1
6684	-1
6689	-1
6697	-1
6703	-1
6707	-1
6711	-1
6714	-1
6717	-1
6721	-1
6725	-1
6728	-1
6734	-1
6743	-1
6748	-1
6753	-1
6758	-1
6761	-1
6770	-1
6776	-1
6780	-1
6784	-1
6787	-1
6790	-1
6793	-1
6799	-1
6803	-1
6806	-1
6811	-1
6815	-1
6819	-1
6826	-1
6831	-1
6836	-1
6841	-1
6844	-1
6856	-1
6862	-1
6871	-1
6875	-1
6883	-1
6887	-1
6890	-1
6896	-1
6900	-1
6903	-1
6908	-1
6911	-1
6914	-1
6917	-1
6920	-1
6924	-1
6928	-1
6932	-1
6936	-1
6939	-1
6944	-1
6951	-1
6954	-1
6957	-1
6963	-1
6966	-1
6970	-1
6973	-1
6976	-1
6979	-1
6982	-1
6993	-1
6996	-1
6999	-1
7005	-1
7009	-1
7015	-1
7023	-1
7027	-1
7030	-1
7038	-1
7042	-1
7046	-1
7049	-1
7053	-1
7059	-1
7062	-1
7066	-1
7070	-1
7073	-1
7076	-1
7085	-1
7089	-1
7094	-1
7101	-1
7105	-1
7115	-1
7120	-1
7125	-1
7131	-1
7134	-1
7141	-1
7149	-1
7154	-1
7157	-1
7161	-1
7166	-1
7175	-1
7179	-1
7182	-1
7187	-1
7190	-1
7195	-1
7198	-1
7204	-1
7209	-1
7213	-1
7217	-1
7221	-1
7226	-1
7229	-1
7234	-1
7237	-1
7240	-1
7243	-1
7247	-1
7251	-1
7254	-1
7259	-1
7262	-1
7272	-1
7275	-1
7279	-1
7284	-1
7288	-1
7294	-1
7297	-1
7303	-1
7308	-1
7314	-1
7317	-1
7320	-1
7326	-1
7329	-1
7339	-1
7345	-1
7350	-1
7353	-1
7357	-1
7361	-1
7366	-1
7372	-1
7375	-1
7379	-1
7383	-1
7388	-1
7391	-1
7396	-1
7400	-1
7404	-1
7407	-1
7412	-1
7419	-1
7427	-1
7430	-1
7439	-1
7444	-1
7447	-1
7454	-1
7458	-1
7462	-1
7466	-1
7470	-1
7473	-1
7479	-1
7486	-1
7489	-1
7493	-1
7496	-1
7502	-1
7505	-1
7508	-1
7511	-1
7514	-1
7517	-1
7520	-1
7523	-1
7533	-1
7538	-1
7541	-1
7545	-1
7550	-1
7559	-1
7562	-1
7565	-1
7568	-1
7571	-1
7575	-1
7578	-1
7583	-1
7586	-1
7593	-1
7596	-1
7601	-1
7604	-1
7607	-1
7615	-1
7619	-1
7625	-1
7629	-1
7634	-1
7637	-1
7640	-1
7643	-1
7649	-1
7656	-1
7662	-1
7666	-1
7670	-1
7673	-1
7680	-1
7685	-1
7690	-1
7693	-1
7696	-1
7701	-1
7708	-1
7711	-1
7714	-1
7718	-1
7721	-1
7725	-1
7733	-1
7737	-1
7743	-1
7747	-1
7753	-1
7756	-1
7759	-1
7762	-1
7766	-1
7770	-1
7777	-1
7780	-1
7783	-1
7789	-1
7795	-1
7798	-1
7801	-1
7807	-1
7812	-1
7816	-1
7820	-1
7823	-1
7827	-1
7830	-1
7834	-1
7837	-1
7842	-1
7846	-1
7853	-1
7856	-1
7861	-1
7865	-1
7868	-1
7876	-1
7883	-1
7886	-1
7891	-1
7898	-1
7901	-1
7908	-1
7913	-1
7920	-1
7928	-1
7934	-1
7940	-1
7943	-1
7948	-1
7952	-1
7955	-1
7963	-1
7966	-1
7976	-1
7980	-1
7983	-1
7989	-1
7993	-1
8003	-1
8006	-1
8010	-1
8013	-1
8022	-1
8029	-1
8034	-1
8041	-1
8044	-1
8052	-1
8055	-1
8058	-1
8065	-1
8071	-1
8075	-1
8078	-1
8081	-1
8089	-1
8092	-1
8102	-1
8108	-1
8117	-1
8120	-1
8128	-1
8131	-1
8137	-1
8141	-1
8146	-1
8152	-1
8155	-1
8169	-1
8179	-1
8185	-1
8195	-1
8203	-1
8209	-1
8213	-1
8217	-1
8220	-1
8223	-1
8231	-1
8234	-1
8237	-1
8240	-1
8247	-1
8255	-1
8261	-1
8266	-1
8271	-1
8274	-1
8277	-1
8280	-1
8289	-1
8293	-1
8300	-1
8306	-1
8314	-1
8319	-1
8322	-1
8331	-1
8337	-1
8341	-1
8349	-1
8353	-1
8361	-1
8364	-1
8367	-1
8373	-1
8379	-1
8390	-1
8393	-1
8397	-1
8400	-1
8408	-1
8421	-1
8426	-1
8430	-1
8433	-1
8437	-1
8441	-1
8446	-1
8449	-1
8452	-1
8455	-1
8460	-1
8473	-1
8476	-1
8479	-1
8484	-1
8488	-1
8491	-1
8494	-1
8497	-1
8501	-1
8504	-1
8508	-1
8512	-1
8515	-1
8521	-1
8524	-1
8529	-1
8532	-1
8540	-1
8548	-1
8552	-1
8555	-1
8559	-1
8571	-1
8575	-1
8578	-1
8591	-1
8598	-1
8603	-1
8608	-1
8611	-1
8614	-1
8621	-1
8624	-1
8627	-1
8633	-1
8643	-1
8647	-1
8650	-1
8653	-1
8657	-1
8661	-1
8668	-1
8675	-1
8680	-1
8683	-1
8686	-1
8689	-1
8701	-1
8711	-1
8717	-1
8721	-1
8724	-1
8738	-1
8741	-1
8745	-1
8750	-1
8753	-1
8756	-1
8765	-1
8768	-1
8778	-1
8781	-1
8787	-1
8792	-1
8795	-1
8800	-1
8806	-1
8815	-1
8826	-1
8829	-1
8848	-1
8853	-1
8865	-1
8940	-1
8954	-1
8958	-1
8962	-1
8969	-1
8972	-1
8975	-1
8980	-1
8984	-1
8987	-1
8992	-1
8995	-1
9003	-1
9009	-1
9015	-1
9022	-1
9032	-1
9035	-1
9039	-1
9054	-1
9057	-1
9062	-1
9065	-1
9076	-1
9079	-1
9082	-1
9085	-1
9088	-1
9092	-1
9095	-1
9101	-1
9104	-1
9107	-1
9110	-1
9113	-1
9116	-1
9120	-1
9123	-1
9126	-1
9130	-1
9133	-1
9137	-1
9145	-1
9151	-1
9154	-1
9157	-1
9161	-1
9165	-1
9168	-1
9171	-1
9175	-1
9181	-1
9188	-1
9199	-1
9211	-1
9215	-1
9218	-1
9221	-1
9231	-1
9234	-1
9237	-1
9242	-1
9245	-1
9249	-1
9258	-1
9261	-1
9267	-1
9270	-1
9273	-1
9280	-1
9283	-1
9286	-1
9291	-1
9297	-1
9304	-1
9309	-1
9312	-1
9315	-1
9319	-1
9322	-1
9325	-1
9328	-1
9334	-1
9340	-1
9344	-1
9348	-1
9352	-1
9364	-1
9369	-1
9375	-1
9378	-1
9383	-1
9386	-1
9389	-1
9393	-1
9399	-1
9404	-1
9407	-1
9413	-1
9416	-1
9420	-1
9433	-1
9436	-1
9439	-1
9442	-1
9445	-1
9448	-1
9456	-1
9460	-1
9463	-1
9466	-1
9469	-1
9473	-1
9479	-1
9482	-1
9485	-1
9489	-1
9492	-1
9497	-1
9500	-1
9503	-1
9507	-1
9512	-1
9517	-1
9520	-1
9524	-1
9528	-1
9531	-1
9545	-1
9552	-1
9556	-1
9559	-1
9562	-1
9567	-1
9571	-1
9574	-1
9578	-1
9581	-1
9584	-1
9587	-1
9591	-1
9604	-1
9608	-1
9612	-1
9615	-1
9619	-1
9626	-1
9629	-1
9632	-1
9639	-1
9646	-1
9649	-1
9653	-1
9662	-1
9666	-1
9677	-1
9682	-1
9685	-1
9688	-1
9692	-1
9695	-1
9703	-1
9706	-1
9719	-1
9722	-1
9726	-1
9731	-1
9736	-1
9743	-1
9747	-1
9759	-1
9766	-1
9775	-1
9780	-1
9787	-1
9791	-1
9794	-1
9822	-1
9906	-1
9909	-1
9913	-1
9917	-1
9920	-1
9926	-1
9930	-1
9933	-1
9941	-1
9945	-1
9952	-1
9961	-1
9967	-1
9970	-1
9975	-1
9978	-1
9981	-1
9989	-1
9999	-1
10002	-1
10008	-1
10011	-1
10014	-1
10027	-1
10030	-1
10035	-1
10039	-1
10053	-1
10060	-1
10063	-1
10066	-1
10073	-1
10076	-1
10081	-1
10085	-1
10089	-1
10092	-1
10099	-1
10104	-1
10107	-1
10111	-1
10122	-1
10128	-1
10132	-1
10135	-1
10145	-1
10150	-1
10153	-1
10156	-1
10172	-1
10179	-1
10182	-1
10185	-1
10188	-1
10196	-1
10200	-1
10203	-1
10207	-1
10210	-1
10213	-1
10218	-1
10225	-1
10228	-1
10231	-1
10234	-1
10237	-1
10241	-1
10244	-1
10247	-1
10253	-1
10258	-1
10263	-1
10273	-1
10279	-1
10285	-1
10302	-1
10307	-1
10310	-1
10313	-1
10316	-1
10324	-1
10331	-1
10334	-1
10341	-1
10346	-1
10356	-1
10360	-1
10369	-1
10372	-1
10375	-1
10378	-1
10381	-1
10384	-1
10398	-1
10402	-1
10406	-1
10409	-1
10414	-1
10424	-1
10434	-1
10437	-1
10440	-1
10446	-1
10455	-1
10459	-1
10462	-1
10470	-1
10476	-1
10481	-1
10484	-1
10495	-1
10500	-1
10504	-1
10510	-1
10513	-1
10516	-1
10519	-1
10522	-1
10527	-1
10533	-1
10536	-1
10539	-1
10543	-1
10546	-1
10549	-1
10552	-1
10556	-1
10570	-1
10573	-1
10576	-1
10580	-1
10583	-1
10594	-1
10597	-1
10601	-1
10608	-1
10616	-1
10621	-1
10628	-1
10632	-1
10635	-1
10638	-1
10641	-1
10646	-1
10649	-1
10652	-1
10656	-1
10663	-1
10667	-1
10670	-1
10673	-1
10676	-1
10679	-1
10685	-1
10688	-1
10691	-1
10694	-1
10700	-1
10707	-1
10710	-1
10713	-1
10717	-1
10721	-1
10724	-1
10727	-1
10734	-1
10744	-1
10747	-1
10752	-1
10755	-1
10760	-1
10769	-1
10774	-1
10777	-1
10781	-1
10784	-1
10787	-1
10790	-1
10794	-1
10798	-1
10801	-1
10806	-1
10810	-1
10813	-1
10817	-1
10824	-1
10827	-1
10830	-1
10833	-1
10836	-1
10839	-1
10848	-1
10854	-1
10858	-1
10865	-1
10868	-1
10873	-1
10882	-1
10885	-1
10890	-1
10894	-1
10897	-1
10900	-1
10904	-1
10910	-1
10913	-1
10916	-1
10928	-1
10939	-1
10944	-1
10950	-1
10953	-1
10959	-1
10962	-1
10966	-1
10970	-1
10974	-1
10980	-1
10983	-1
10987	-1
10994	-1
10997	-1
11002	-1
11005	-1
11008	-1
11011	-1
11014	-1
11018	-1
11022	-1
11026	-1
11029	-1
11032	-1
11036	-1
11041	-1
11044	-1
11047	-1
11053	-1
11056	-1
11060	-1
11079	-1
11087	-1
11092	-1
11095	-1
11098	-1
11101	-1
11104	-1
11108	-1
11117	-1
11121	-1
11124	-1
11127	-1
11132	-1
11135	-1
11138	-1
11141	-1
11144	-1
11148	-1
11152	-1
11162	-1
11165	-1
11169	-1
11172	-1
11183	-1
11190	-1
11193	-1
11198	-1
11201	-1
11212	-1
11215	-1
11218	-1
11221	-1
11224	-1
11228	-1
11232	-1
11236	-1
11240	-1
11244	-1
11249	-1
11252	-1
11256	-1
11260	-1
11263	-1
11266	-1
11270	-1
11273	-1
11277	-1
11280	-1
11284	-1
11291	-1
11296	-1
11300	-1
11306	-1
11310	-1
11313	-1
11317	-1
11321	-1
11324	-1
11327	-1
11330	-1
11336	-1
11349	-1
11359	-1
11366	-1
11373	-1
11378	-1
11381	-1
11384	-1
11387	-1
11390	-1
11393	-1
11396	-1
11400	-1
11405	-1
11411	-1
11416	-1
11419	-1
11422	-1
11426	-1
11429	-1
11433	-1
11439	-1
11442	-1
11447	-1
11453	-1
11465	-1
11468	-1
11471	-1
11474	-1
11496	-1
11499	-1
11506	-1
11510	-1
11519	-1
11524	-1
11531	-1
11538	-1
11542	-1
11547	-1
11598	-1
11601	-1
11618	-1
11627	-1
11635	-1
11641	-1
11645	-1
11672	-1
11677	-1
11683	-1
11694	-1
11699	-1
11709	-1
11712	-1
11716	-1
11720	-1
11724	-1
11727	-1
11736	-1
11739	-1
11743	-1
11746	-1
11750	-1
11754	-1
11759	-1
11765	-1
11769	-1
11781	-1
11784	-1
11787	-1
11794	-1
11797	-1
11801	-1
11805	-1
11808	-1
11812	-1
11815	-1
11818	-1
11824	-1
11832	-1
11839	-1
11845	-1
11850	-1
11854	-1
11857	-1
11861	-1
11864	-1
11869	-1
11872	-1
11876	-1
11888	-1
11893	-1
11898	-1
11902	-1
11906	-1
11910	-1
11913	-1
11918	-1
11922	-1
11928	-1
11935	-1
11943	-1
11951	-1
11954	-1
11957	-1
11960	-1
11963	-1
11966	-1
11969	-1
11974	-1
11980	-1
11988	-1
11991	-1
11994	-1
11997	-1
12011	-1
12015	-1
12020	-1
12023	-1
12027	-1
12032	-1
12035	-1
12038	-1
12042	-1
12050	-1
12054	-1
12057	-1
12061	-1
12064	-1
12072	-1
12075	-1
12086	-1
12089	-1
12092	-1
12100	-1
12103	-1
12106	-1
12110	-1
12113	-1
12117	-1
12120	-1
12123	-1
12126	-1
12129	-1
12132	-1
12136	-1
12139	-1
12142	-1
12148	-1
12151	-1
12156	-1
12159	-1
12162	-1
12172	-1
12175	-1
12180	-1
12183	-1
12186	-1
12189	-1
12192	-1
12206	-1
12210	-1
12215	-1
12222	-1
12228	-1
12231	-1
12235	-1
12239	-1
12249	-1
12253	-1
12267	-1
12274	-1
12278	-1
12281	-1
12290	-1
12293	-1
12297	-1
12300	-1
12304	-1
12307	-1
12310	-1
12315	-1
12318	-1
12321	-1
12325	-1
12328	-1
12331	-1
12337	-1
12341	-1
12345	-1
12350	-1
12357	-1
12361	-1
12368	-1
12374	-1
12377	-1
12383	-1
12386	-1
12390	-1
12395	-1
12400	-1
12404	-1
12417	-1
12422	-1
12441	-1
12444	-1
12455	-1
12458	-1
12465	-1
12468	-1
12471	-1
12474	-1
12482	-1
12488	-1
12492	-1
12497	-1
12501	-1
12527	-1
12534	-1
12540	-1
12546	-1
12552	-1
12556	-1
12559	-1
12564	-1
12567	-1
12570	-1
12617	-1
12621	-1
12626	-1
12629	-1
12632	-1
12636	-1
12642	-1
12649	-1
12656	-1
12659	-1
12662	-1
12666	-1
12673	-1
12676	-1
12681	-1
12685	-1
12688	-1
12693	-1
12696	-1
12699	-1
12703	-1
12710	-1
12713	-1
12717	-1
12729	-1
12732	-1
12735	-1
12739	-1
12742	-1
12745	-1
12748	-1
12751	-1
12754	-1
12757	-1
12760	-1
12763	-1
12771	-1
12774	-1
12778	-1
12782	-1
12788	-1
12796	-1
12800	-1
12807	-1
12810	-1
12819	-1
12822	-1
12830	-1
12833	-1
12836	-1
12839	-1
12842	-1
12847	-1
12851	-1
12854	-1
12863	-1
12867	-1
12871	-1
12878	-1
12881	-1
12885	-1
12890	-1
12893	-1
12905	-1
12909	-1
12915	-1
12923	-1
12926	-1
12930	-1
12934	-1
12941	-1
12944	-1
12947	-1
12955	-1
12958	-1
12965	-1
12970	-1
12975	-1
12981	-1
12986	-1
12991	-1
12994	-1
12999	-1
13003	-1
13006	-1
13009	-1
13012	-1
13016	-1
13022	-1
13027	-1
13035	-1
13038	-1
13041	-1
13047	-1
13051	-1
13055	-1
13059	-1
13062	-1
13066	-1
13070	-1
13074	-1
13081	-1
13085	-1
13095	-1
13098	-1
13103	-1
13107	-1
13110	-1
13116	-1
13119	-1
13122	-1
13125	-1
13129	-1
13141	-1
13145	-1
13148	-1
13151	-1
13154	-1
13157	-1
13160	-1
13164	-1
13172	-1
13176	-1
13179	-1
13182	-1
13193	-1
13196	-1
13199	-1
13202	-1
13206	-1
13209	-1
13216	-1
13219	-1
13225	-1
13229	-1
13232	-1
13235	-1
13240	-1
13243	-1
13250	-1
13256	-1
13259	-1
13264	-1
13270	-1
13273	-1
13277	-1
13281	-1
13287	-1
13292	-1
13297	-1
13302	-1
13305	-1
13309	-1
13312	-1
13315	-1
13320	-1
13324	-1
13329	-1
13332	-1
13339	-1
13346	-1
13350	-1
13354	-1
13357	-1
13362	-1
13365	-1
13368	-1
13385	-1
13400	-1
13407	-1
13418	-1
13428	-1
13431	-1
13439	-1
13443	-1
13446	-1
13449	-1
13454	-1
13472	-1
13482	-1
13485	-1
13489	-1
13492	-1
13498	-1
13503	-1
13506	-1
13509	-1
13512	-1
13518	-1
13521	-1
13524	-1
13527	-1
13531	-1
13534	-1
13540	-1
13544	-1
13549	-1
13552	-1
13558	-1
13561	-1
13564	-1
13568	-1
13573	-1
13576	-1
13582	-1
13587	-1
13598	-1
13604	-1
13607	-1
13613	-1
13616	-1
13619	-1
13622	-1
13626	-1
13632	-1
13638	-1
13642	-1
13648	-1
13651	-1
13668	-1
13672	-1
13684	-1
13689	-1
13693	-1
13699	-1
13702	-1
13706	-1
13710	-1
13714	-1
13720	-1
13724	-1
13729	-1
13736	-1
13740	-1
13743	-1
13748	-1
13752	-1
13757	-1
13763	-1
13773	-1
13779	-1
13785	-1
13791	-1
13802	-1
13806	-1
13809	-1
13820	-1
13823	-1
13826	-1
13829	-1
13832	-1
13836	-1
13839	-1
13842	-1
13847	-1
13850	-1
13856	-1
13859	-1
13863	-1
13868	-1
13872	-1
13877	-1
13880	-1
13885	-1
13888	-1
13892	-1
13896	-1
13899	-1
13905	-1
13909	-1
13913	-1
13922	-1
13926	-1
13935	-1
13940	-1
13943	-1
13946	-1
13950	-1
13954	-1
13962	-1
13970	-1
13974	-1
13982	-1
13995	-1
13998	-1
14002	-1
14006	-1
14014	-1
14019	-1
14022	-1
14025	-1
14030	-1
14034	-1
14037	-1
14040	-1
14045	-1
14050	-1
14057	-1
14068	-1
14073	-1
14080	-1
14083	-1
14086	-1
14090	-1
14094	-1
14097	-1
14100	-1
14105	-1
14108	-1
14111	-1
14122	-1
14125	-1
14129	-1
14132	-1
14141	-1
14147	-1
14151	-1
14154	-1
14158	-1
14166	-1
14179	-1
14188	-1
14192	-1
14196	-1
14200	-1
14204	-1
14210	-1
14217	-1
14221	-1
14226	-1
14231	-1
14235	-1
14238	-1
14241	-1
14244	-1
14247	-1
14258	-1
14261	-1
14264	-1
14272	-1
14275	-1
14278	-1
14286	-1
14291	-1
14295	-1
14300	-1
14304	-1
14307	-1
14310	-1
14314	-1
14321	-1
14324	-1
14327	-1
14331	-1
14338	-1
14348	-1
14351	-1
14357	-1
14361	-1
14369	-1
14376	-1
14379	-1
14385	-1
14388	-1
14392	-1
14395	-1
14405	-1
14415	-1
14418	-1
14423	-1
14426	-1
14432	-1
14436	-1
14439	-1
14445	-1
14452	-1
14455	-1
14466	-1
14474	-1
14478	-1
14481	-1
14485	-1
14488	-1
14491	-1
14497	-1
14505	-1
14509	-1
14512	-1
14515	-1
14520	-1
14525	-1
14528	-1
14531	-1
14535	-1
14543	-1
14557	-1
14565	-1
14568	-1
14571	-1
14578	-1
14584	-1
14587	-1
14591	-1
14595	-1
14598	-1
14601	-1
14605	-1
14609	-1
14613	-1
14617	-1
14620	-1
14628	-1
14631	-1
14634	-1
14637	-1
14640	-1
14643	-1
14646	-1
14649	-1
14652	-1
14657	-1
14662	-1
14665	-1
14669	-1
14679	-1
14682	-1
14686	-1
14691	-1
14700	-1
14703	-1
14706	-1
14716	-1
14719	-1
14722	-1
14730	-1
14737	-1
14743	-1
14746	-1
14751	-1
14754	-1
14759	-1
14762	-1
14766	-1
14769	-1
14773	-1
14776	-1
14782	-1
14785	-1
14788	-1
14793	-1
14797	-1
14800	-1
14803	-1
14806	-1
14845	-1
14851	-1
14855	-1
14860	-1
14865	-1
14872	-1
14877	-1
14881	-1
14889	-1
14893	-1
14897	-1
14900	-1
14904	-1
14909	-1
14914	-1
14918	-1
14924	-1
14927	-1
14931	-1
14934	-1
14943	-1
14949	-1
14953	-1
14956	-1
14960	-1
14966	-1
14969	-1
14973	-1
14978	-1
14982	-1
14986	-1
14989	-1
14992	-1
14995	-1
14999	-1
15004	-1
15008	-1
15014	-1
15026	-1
15029	-1
15032	-1
15035	-1
15039	-1
15043	-1
15047	-1
15050	-1
15054	-1
15057	-1
15062	-1
15065	-1
15072	-1
15076	-1
15079	-1
15087	-1
15095	-1
15098	-1
15103	-1
15108	-1
15111	-1
15119	-1
15122	-1
15126	-1
15129	-1
15133	-1
15136	-1
15140	-1
15146	-1
15150	-1
15153	-1
15158	-1
15161	-1
15173	-1
15176	-1
15179	-1
15182	-1
15186	-1
15190	-1
15193	-1
15196	-1
15199	-1
15202	-1
15205	-1
15208	-1
15211	-1
15216	-1
15219	-1
15222	-1
15226	-1
15229	-1
15235	-1
15245	-1
15249	-1
15252	-1
15256	-1
15264	-1
15269	-1
15273	-1
15285	-1
15288	-1
15293	-1
15297	-1
15300	-1
15303	-1
15306	-1
15309	-1
15312	-1
15315	-1
15320	-1
15323	-1
15328	-1
15331	-1
15335	-1
15338	-1
15343	-1
15349	-1
15354	-1
15359	-1
15362	-1
15365	-1
15370	-1
15374	-1
15378	-1
15381	-1
15384	-1
15387	-1
15390	-1
15393	-1
15397	-1
15400	-1
15406	-1
15410	-1
15413	-1
15416	-1
15420	-1
15423	-1
15428	-1
15431	-1
15434	-1
15447	-1
15450	-1
15456	-1
15461	-1
15466	-1
15471	-1
15477	-1
15481	-1
15485	-1
15500	-1
15504	-1
15510	-1
15513	-1
15518	-1
15526	-1
15531	-1
15534	-1
15540	-1
15548	-1
15553	-1
15556	-1
15559	-1
15564	-1
15568	-1
15571	-1
15578	-1
15581	-1
15584	-1
15587	-1
15595	-1
15601	-1
15608	-1
15616	-1
15623	-1
15626	-1
15631	-1
15635	-1
15638	-1
15644	-1
15651	-1
15656	-1
15659	-1
15662	-1
15665	-1
15668	-1
15673	-1
15676	-1
15680	-1
15686	-1
15689	-1
15693	-1
15697	-1
15700	-1
15703	-1
15706	-1
15710	-1
15713	-1
15716	-1
15719	-1
15722	-1
15725	-1
15728	-1
15731	-1
15735	-1
15738	-1
15742	-1
15746	-1
15752	-1
15758	-1
15761	-1
15765	-1
15770	-1
15776	-1
15781	-1
15784	-1
15787	-1
15793	-1
15797	-1
15800	-1
15804	-1
15811	-1
15815	-1
15818	-1
15821	-1
15824	-1
15830	-1
15833	-1
15842	-1
15849	-1
15853	-1
15856	-1
15860	-1
15866	-1
15870	-1
15875	-1
15886	-1
15889	-1
15892	-1
15895	-1
15898	-1
15901	-1
15906	-1
15912	-1
15917	-1
15921	-1
15924	-1
15928	-1
15931	-1
15939	-1
15944	-1
15950	-1
15954	-1
15958	-1
15962	-1
15965	-1
15969	-1
15972	-1
15975	-1
15978	-1
15981	-1
15986	-1
15998	-1
16001	-1
16004	-1
16007	-1
16012	-1
16024	-1
16028	-1
16031	-1
16043	-1
16046	-1
16052	-1
16055	-1
16063	-1
16068	-1
16077	-1
16087	-1
16090	-1
16093	-1
16096	-1
16100	-1
16103	-1
16112	-1
16115	-1
16118	-1
16124	-1
16127	-1
16131	-1
16137	-1
16141	-1
16145	-1
16149	-1
16156	-1
16159	-1
16164	-1
16167	-1
16170	-1
16173	-1
16176	-1
16180	-1
16184	-1
16191	-1
16206	-1
16211	-1
16219	-1
16222	-1
16227	-1
16230	-1
16238	-1
16246	-1
16249	-1
16253	-1
16258	-1
16262	-1
16266	-1
16269	-1
16272	-1
16277	-1
16281	-1
16284	-1
16287	-1
16290	-1
16296	-1
16301	-1
16308	-1
16318	-1
16321	-1
16330	-1
16333	-1
16338	-1
16342	-1
16347	-1
16351	-1
16354	-1
16358	-1
16361	-1
16364	-1
16370	-1
16374	-1
16377	-1
16380	-1
16387	-1
16391	-1
16394	-1
16397	-1
16400	-1
16404	-1
16407	-1
16411	-1
16414	-1
16420	-1
16426	-1
16429	-1
16432	-1
16436	-1
16439	-1
16447	-1
16451	-1
16459	-1
16464	-1
16467	-1
16470	-1
16473	-1
16476	-1
16479	-1
16482	-1
16486	-1
16490	-1
16494	-1
16497	-1
16501	-1
16504	-1
16507	-1
16510	-1
16523	-1
16526	-1
16529	-1
16532	-1
16536	-1
16539	-1
16542	-1
16545	-1
16552	-1
16555	-1
16559	-1
16562	-1
16565	-1
16568	-1
16571	-1
16577	-1
16581	-1
16584	-1
16598	-1
16603	-1
16606	-1
16611	-1
16620	-1
16623	-1
16627	-1
16632	-1
16640	-1
16653	-1
16656	-1
16660	-1
16671	-1
16678	-1
16684	-1
16703	-1
16708	-1
16711	-1
16714	-1
16717	-1
16720	-1
16723	-1
16726	-1
16733	-1
16737	-1
16743	-1
16746	-1
16749	-1
16761	-1
16767	-1
16770	-1
16773	-1
16777	-1
16780	-1
16783	-1
16790	-1
16793	-1
16799	-1
16803	-1
16807	-1
16811	-1
16815	-1
16820	-1
16825	-1
16833	-1
16838	-1
16841	-1
16846	-1
16853	-1
16858	-1
16861	-1
16864	-1
16868	-1
16871	-1
16874	-1
16878	-1
16881	-1
16887	-1
16893	-1
16898	-1
16902	-1
16905	-1
16908	-1
16912	-1
16922	-1
16927	-1
16932	-1
16936	-1
16941	-1
16944	-1
16951	-1
16961	-1
16966	-1
16969	-1
16976	-1
16979	-1
16983	-1
16986	-1
16989	-1
16995	-1
16999	-1
17004	-1
17009	-1
17012	-1
17015	-1
17018	-1
17021	-1
17024	-1
17027	-1
17030	-1
17034	-1
17191	-1
17194	-1
17198	-1
17208	-1
17211	-1
17214	-1
17217	-1
17220	-1
17226	-1
17232	-1
17235	-1
17238	-1
17244	-1
17247	-1
17252	-1
17255	-1
17260	-1
17263	-1
17266	-1
17271	-1
17280	-1
17288	-1
17294	-1
17299	-1
17310	-1
17314	-1
17321	-1
17325	-1
17328	-1
17333	-1
17338	-1
17341	-1
17345	-1
17348	-1
17354	-1
17361	-1
17364	-1
17371	-1
17374	-1
17379	-1
17383	-1
17386	-1
17392	-1
17396	-1
17401	-1
17405	-1
17408	-1
17413	-1
17418	-1
17422	-1
17425	-1
17428	-1
17431	-1
17438	-1
17441	-1
17448	-1
17452	-1
17457	-1
17460	-1
17463	-1
17469	-1
17472	-1
17476	-1
17479	-1
17482	-1
17486	-1
17491	-1
17495	-1
17498	-1
17502	-1
17505	-1
17510	-1
17516	-1
17520	-1
17523	-1
17526	-1
17529	-1
17534	-1
17537	-1
17542	-1
17547	-1
17550	-1
17554	-1
17557	-1
17561	-1
17564	-1
17567	-1
17570	-1
17576	-1
17589	-1
17594	-1
17601	-1
17604	-1
17607	-1
17616	-1
17625	-1
17628	-1
17631	-1
17634	-1
17640	-1
17645	-1
17648	-1
17651	-1
17654	-1
17657	-1
17660	-1
17665	-1
17670	-1
17673	-1
17676	-1
17680	-1
17687	-1
17690	-1
17693	-1
17696	-1
17700	-1
17703	-1
17707	-1
17710	-1
17714	-1
17717	-1
17720	-1
17723	-1
17726	-1
17729	-1
17732	-1
17736	-1
17739	-1
17742	-1
17746	-1
17754	-1
17758	-1
17764	-1
17770	-1
17773	-1
17776	-1
17781	-1
17786	-1
17794	-1
17797	-1
17800	-1
17805	-1
17809	-1
17812	-1
17815	-1
17823	-1
17826	-1
17829	-1
17833	-1
17836	-1
17841	-1
17854	-1
17857	-1
17862	-1
17868	-1
17873	-1
17876	-1
17879	-1
17883	-1
17886	-1
17891	-1
17894	-1
17897	-1
17900	-1
17903	-1
17906	-1
17909	-1
17912	-1
17916	-1
17919	-1
17922	-1
17926	-1
17936	-1
17939	-1
17951	-1
17954	-1
17957	-1
17963	-1
17967	-1
17970	-1
17973	-1
17977	-1
17980	-1
17984	-1
17989	-1
17992	-1
17996	-1
18000	-1
18003	-1
18010	-1
18015	-1
18018	-1
18022	-1
18029	-1
18032	-1
18036	-1
18039	-1
18044	-1
18047	-1
18050	-1
18054	-1
18059	-1
18068	-1
18073	-1
18082	-1
18085	-1
18092	-1
18120	-1
18136	-1
18149	-1
18181	-1
18189	-1
18198	-1
18201	-1
18204	-1
18208	-1
18211	-1
18219	-1
18222	-1
18229	-1
18233	-1
18237	-1
18240	-1
18243	-1
18246	-1
18251	-1
18254	-1
18257	-1
18261	-1
18265	-1
18268	-1
18272	-1
18275	-1
18279	-1
18282	-1
18285	-1
18289	-1
18293	-1
18303	-1
18314	-1
18320	-1
18323	-1
18329	-1
18332	-1
18335	-1
18339	-1
18346	-1
18356	-1
18359	-1
18362	-1
18365	-1
18368	-1
18386	-1
18390	-1
18397	-1
18401	-1
18406	-1
18412	-1
18419	-1
18426	-1
18434	-1
18437	-1
18442	-1
18445	-1
18450	-1
18453	-1
18458	-1
18462	-1
18478	-1
18482	-1
18485	-1
18488	-1
18491	-1
18494	-1
18499	-1
18502	-1
18505	-1
18509	-1
18513	-1
18518	-1
18521	-1
18525	-1
18528	-1
18537	-1
18540	-1
18544	-1
18554	-1
18557	-1
18560	-1
18565	-1
18569	-1
18572	-1
18575	-1
18578	-1
18582	-1
18585	-1
18588	-1
18592	-1
18595	-1
18598	-1
18601	-1
18605	-1
18609	-1
18631	-1
18634	-1
18643	-1
18648	-1
18653	-1
18656	-1
18663	-1
18673	-1
18678	-1
18681	-1
18684	-1
18688	-1
18692	-1
18695	-1
18701	-1
18704	-1
18713	-1
18720	-1
18723	-1
18728	-1
18731	-1
18734	-1
18737	-1
18740	-1
18744	-1
18747	-1
18751	-1
18754	-1
18757	-1
18760	-1
18764	-1
18771	-1
18776	-1
18779	-1
18782	-1
18786	-1
18789	-1
18792	-1
18795	-1
18799	-1
18802	-1
18805	-1
18809	-1
18812	-1
18815	-1
18818	-1
18824	-1
18827	-1
18830	-1
18837	-1
18840	-1
8	1
11	1
14	1
20	1
23	1
26	1
35	1
42	1
46	1
49	1
52	1
56	1
59	1
62	1
65	1
68	1
72	1
76	1
79	1
82	1
86	1
89	1
92	1
97	1
102	1
105	1
108	1
111	1
114	1
118	1
122	1
125	1
128	1
137	1
141	1
144	1
151	1
155	1
158	1
166	1
171	1
174	1
177	1
180	1
183	1
186	1
190	1
193	1
196	1
201	1
206	1
209	1
212	1
215	1
218	1
222	1
225	1
228	1
231	1
237	1
241	1
244	1
249	1
252	1
256	1
262	1
265	1
268	1
272	1
276	1
280	1
290	1
295	1
298	1
301	1
304	1
308	1
313	1
316	1
320	1
323	1
326	1
329	1
332	1
342	1
349	1
352	1
363	1
366	1
369	1
373	1
376	1
379	1
383	1
386	1
395	1
399	1
402	1
405	1
411	1
425	1
431	1
438	1
441	1
445	1
451	1
455	1
458	1
461	1
465	1
468	1
472	1
478	1
482	1
490	1
494	1
498	1
502	1
506	1
510	1
518	1
521	1
524	1
528	1
539	1
542	1
545	1
550	1
554	1
558	1
561	1
569	1
574	1
578	1
583	1
595	1
598	1
603	1
610	1
613	1
617	1
620	1
623	1
626	1
629	1
632	1
637	1
640	1
647	1
652	1
655	1
658	1
661	1
666	1
669	1
674	1
679	1
688	1
691	1
702	1
707	1
712	1
719	1
723	1
728	1
732	1
735	1
741	1
746	1
756	1
760	1
764	1
767	1
771	1
774	1
778	1
782	1
785	1
788	1
793	1
796	1
799	1
803	1
808	1
811	1
814	1
819	1
829	1
840	1
843	1
850	1
853	1
856	1
869	1
873	1
876	1
882	1
885	1
888	1
891	1
895	1
898	1
901	1
904	1
907	1
910	1
913	1
919	1
925	1
930	1
933	1
936	1
939	1
942	1
946	1
949	1
952	1
964	1
967	1
970	1
977	1
981	1
984	1
987	1
992	1
995	1
1001	1
1011	1
1019	1
1027	1
1031	1
1036	1
1039	1
1043	1
1046	1
1050	1
1066	1
1073	1
1077	1
1081	1
1085	1
1094	1
1100	1
1106	1
1110	1
1113	1
1120	1
1131	1
1134	1
1138	1
1145	1
1156	1
1163	1
1168	1
1177	1
1182	1
1189	1
1195	1
1207	1
1216	1
1220	1
1227	1
1230	1
1235	1
1240	1
1246	1
1250	1
1253	1
1257	1
1260	1
1263	1
1266	1
1270	1
1273	1
1277	1
1281	1
1288	1
1291	1
1303	1
1310	1
1323	1
1332	1
1338	1
1342	1
1348	1
1351	1
1355	1
1358	1
1361	1
1366	1
1369	1
1373	1
1380	1
1387	1
1394	1
1398	1
1408	1
1411	1
1414	1
1417	1
1420	1
1423	1
1427	1
1430	1
1433	1
1439	1
1443	1
1454	1
1457	1
1462	1
1466	1
1470	1
1474	1
1477	1
1480	1
1483	1
1489	1
1492	1
1495	1
1498	1
1501	1
1517	1
1526	1
1529	1
1532	1
1535	1
1538	1
1541	1
1551	1
1554	1
1558	1
1570	1
1573	1
1576	1
1579	1
1584	1
1588	1
1591	1
1594	1
1598	1
1602	1
1608	1
1611	1
1614	1
1619	1
1625	1
1630	1
1633	1
1638	1
1642	1
1648	1
1651	1
1656	1
1659	1
1664	1
1670	1
1673	1
1676	1
1680	1
1683	1
1686	1
1689	1
1692	1
1696	1
1699	1
1703	1
1709	1
1712	1
1715	1
1718	1
1723	1
1727	1
1731	1
1741	1
1745	1
1752	1
1757	1
1760	1
1763	1
1766	1
1769	1
1773	1
1779	1
1782	1
1787	1
1792	1
1796	1
1801	1
1805	1
1814	1
1817	1
1820	1
1825	1
1828	1
1837	1
1841	1
1844	1
1850	1
1856	1
1860	1
1875	1
1878	1
1881	1
1885	1
1888	1
1895	1
1898	1
1910	1
1914	1
1920	1
1924	1
1935	1
1939	1
1951	1
1959	1
1962	1
1966	1
1972	1
1975	1
1979	1
1984	1
1987	1
1996	1
2000	1
2014	1
2018	1
2021	1
2024	1
2027	1
2032	1
2035	1
2041	1
2045	1
2052	1
2055	1
2059	1
2064	1
2067	1
2071	1
2076	1
2083	1
2089	1
2092	1
2096	1
2100	1
2103	1
2106	1
2109	1
2112	1
2115	1
2118	1
2134	1
2141	1
2147	1
2152	1
2158	1
2163	1
2171	1
2178	1
2245	1
2248	1
2251	1
2254	1
2259	1
2264	1
2268	1
2276	1
2279	1
2282	1
2285	1
2298	1
2301	1
2305	1
2308	1
2316	1
2320	1
2325	1
2329	1
2334	1
2337	1
2342	1
2347	1
2357	1
2362	1
2368	1
2372	1
2376	1
2380	1
2383	1
2386	1
2389	1
2392	1
2405	1
2409	1
2423	1
2428	1
2431	1
2435	1
2438	1
2441	1
2447	1
2451	1
2456	1
2460	1
2465	1
2469	1
2474	1
2478	1
2481	1
2491	1
2500	1
2507	1
2510	1
2516	1
2524	1
2527	1
2532	1
2543	1
2548	1
2551	1
2557	1
2561	1
2564	1
2568	1
2571	1
2577	1
2580	1
2587	1
2594	1
2599	1
2604	1
2609	1
2612	1
2616	1
2624	1
2636	1
2640	1
2643	1
2648	1
2655	1
2660	1
2665	1
2673	1
2678	1
2691	1
2698	1
2701	1
2710	1
2718	1
2726	1
2731	1
2736	1
2746	1
2749	1
2754	1
2758	1
2762	1
2768	1
2771	1
2775	1
2779	1
2786	1
2789	1
2793	1
2796	1
2802	1
2811	1
2816	1
2819	1
2823	1
2826	1
2834	1
2840	1
2853	1
2863	1
2866	1
2871	1
2877	1
2880	1
2884	1
2887	1
2890	1
2893	1
2896	1
2901	1
2906	1
2910	1
2914	1
2917	1
2920	1
2924	1
2930	1
2933	1
2936	1
2953	1
2957	1
2961	1
2966	1
2971	1
2974	1
2977	1
2983	1
2992	1
2995	1
3000	1
3004	1
3007	1
3013	1
3022	1
3031	1
3036	1
3040	1
3045	1
3062	1
3065	1
3068	1
3078	1
3088	1
3091	1
3095	1
3106	1
3113	1
3119	1
3123	1
3126	1
3129	1
3133	1
3136	1
3140	1
3144	1
3147	1
3152	1
3155	1
3167	1
3171	1
3177	1
3180	1
3184	1
3189	1
3192	1
3195	1
3199	1
3204	1
3211	1
3216	1
3219	1
3222	1
3225	1
3228	1
3233	1
3240	1
3245	1
3248	1
3263	1
3267	1
3278	1
3283	1
3286	1
3291	1
3297	1
3304	1
3307	1
3310	1
3314	1
3319	1
3327	1
3330	1
3341	1
3347	1
3352	1
3356	1
3359	1
3362	1
3365	1
3368	1
3371	1
3380	1
3389	1
3392	1
3403	1
3406	1
3409	1
3412	1
3416	1
3426	1
3429	1
3433	1
3437	1
3442	1
3447	1
3450	1
3453	1
3459	1
3462	1
3467	1
3471	1
3488	1
3492	1
3495	1
3498	1
3501	1
3504	1
3507	1
3510	1
3516	1
3519	1
3522	1
3526	1
3535	1
3538	1
3542	1
3545	1
3548	1
3563	1
3566	1
3576	1
3581	1
3586	1
3590	1
3594	1
3597	1
3600	1
3603	1
3606	1
3611	1
3616	1
3619	1
3623	1
3627	1
3631	1
3635	1
3638	1
3641	1
3646	1
3657	1
3661	1
3664	1
3672	1
3675	1
3678	1
3682	1
3689	1
3694	1
3697	1
3700	1
3705	1
3713	1
3716	1
3735	1
3738	1
3744	1
3748	1
3754	1
3757	1
3761	1
3766	1
3773	1
3776	1
3780	1
3784	1
3788	1
3797	1
3801	1
3804	1
3807	1
3810	1
3813	1
3819	1
3822	1
3825	1
3828	1
3831	1
3839	1
3842	1
3845	1
3853	1
3860	1
3865	1
3870	1
3877	1
3881	1
3887	1
3899	1
3908	1
3913	1
3943	1
3946	1
3959	1
3966	1
3986	1
3992	1
3995	1
3998	1
4003	1
4008	1
4012	1
4015	1
4018	1
4023	1
4027	1
4031	1
4034	1
4038	1
4041	1
4046	1
4052	1
4055	1
4060	1
4064	1
4070	1
4074	1
4077	1
4088	1
4093	1
4096	1
4099	1
4102	1
4106	1
4110	1
4113	1
4118	1
4121	1
4124	1
4128	1
4145	1
4151	1
4154	1
4157	1
4161	1
4166	1
4171	1
4175	1
4183	1
4190	1
4193	1
4196	1
4199	1
4202	1
4210	1
4217	1
4228	1
4231	1
4236	1
4253	1
4257	1
4262	1
4265	1
4268	1
4276	1
4281	1
4285	1
4289	1
4297	1
4301	1
4306	1
4311	1
4315	1
4318	1
4326	1
4329	1
4334	1
4338	1
4343	1
4346	1
4349	1
4355	1
4365	1
4368	1
4379	1
4387	1
4391	1
4400	1
4408	1
4413	1
4416	1
4421	1
4424	1
4436	1
4440	1
4445	1
4452	1
4459	1
4463	1
4470	1
4475	1
4478	1
4482	1
4485	1
4493	1
4504	1
4507	1
4510	1
4520	1
4523	1
4526	1
4530	1
4534	1
4540	1
4551	1
4554	1
4557	1
4562	1
4565	1
4568	1
4571	1
4574	1
4577	1
4582	1
4585	1
4588	1
4595	1
4601	1
4608	1
4611	1
4616	1
4622	1
4628	1
4632	1
4636	1
4639	1
4644	1
4650	1
4653	1
4656	1
4667	1
4670	1
4673	1
4677	1
4681	1
4684	1
4687	1
4690	1
4694	1
4698	1
4703	1
4706	1
4710	1
4713	1
4716	1
4722	1
4725	1
4728	1
4731	1
4740	1
4744	1
4747	1
4754	1
4764	1
4767	1
4773	1
4777	1
4780	1
4783	1
4786	1
4790	1
4802	1
4806	1
4809	1
4812	1
4815	1
4820	1
4824	1
4833	1
4839	1
4843	1
4848	1
4851	1
4856	1
4859	1
4864	1
4867	1
4878	1
4881	1
4892	1
4895	1
4901	1
4904	1
4909	1
4912	1
4920	1
4924	1
4930	1
4935	1
4938	1
4947	1
4955	1
4958	1
4961	1
4965	1
4968	1
4971	1
4974	1
4983	1
4990	1
4993	1
4999	1
5002	1
5006	1
5010	1
5014	1
5017	1
5020	1
5030	1
5035	1
5044	1
5050	1
5053	1
5057	1
5061	1
5065	1
5068	1
5072	1
5075	1
5082	1
5085	1
5090	1
5094	1
5102	1
5106	1
5111	1
5117	1
5125	1
5130	1
5133	1
5139	1
5145	1
5148	1
5151	1
5162	1
5165	1
5173	1
5179	1
5184	1
5187	1
5195	1
5205	1
5210	1
5216	1
5219	1
5227	1
5230	1
5234	1
5237	1
5242	1
5245	1
5249	1
5254	1
5258	1
5262	1
5265	1
5270	1
5273	1
5276	1
5280	1
5283	1
5286	1
5290	1
5294	1
5299	1
5302	1
5305	1
5308	1
5311	1
5315	1
5318	1
5322	1
5325	1
5329	1
5334	1
5341	1
5345	1
5350	1
5353	1
5356	1
5361	1
5364	1
5367	1
5371	1
5374	1
5378	1
5381	1
5384	1
5388	1
5393	1
5396	1
5401	1
5406	1
5409	1
5418	1
5422	1
5425	1
5428	1
5433	1
5436	1
5440	1
5443	1
5448	1
5452	1
5455	1
5458	1
5462	1
5466	1
5470	1
5473	1
5477	1
5480	1
5484	1
5490	1
5494	1
5500	1
5508	1
5515	1
5518	1
5521	1
5524	1
5534	1
5538	1
5543	1
5551	1
5557	1
5564	1
5567	1
5575	1
5578	1
5581	1
5588	1
5594	1
5597	1
5601	1
5613	1
5616	1
5622	1
5628	1
5631	1
5640	1
5643	1
5646	1
5650	1
5659	1
5672	1
5680	1
5685	1
5688	1
5692	1
5697	1
5700	1
5704	1
5709	1
5712	1
5716	1
5719	1
5724	1
5729	1
5735	1
5741	1
5744	1
5749	1
5752	1
5756	1
5759	1
5762	1
5773	1
5777	1
5780	1
5788	1
5793	1
5798	1
5802	1
5806	1
5809	1
5812	1
5816	1
5819	1
5830	1
5835	1
5838	1
5842	1
5846	1
5850	1
5854	1
5863	1
5867	1
5871	1
5875	1
5879	1
5885	1
5889	1
5892	1
5897	1
5901	1
5905	1
5913	1
5916	1
5920	1
5924	1
5933	1
5937	1
5940	1
5943	1
5948	1
5953	1
5957	1
5960	1
5964	1
5968	1
5972	1
5976	1
5979	1
5992	1
5996	1
6000	1
6010	1
6015	1
6019	1
6022	1
6025	1
6028	1
6031	1
6034	1
6041	1
6046	1
6052	1
6055	1
6064	1
6067	1
6078	1
6081	1
6088	1
6092	1
6095	1
6099	1
6102	1
6106	1
6109	1
6112	1
6116	1
6121	1
6124	1
6127	1
6135	1
6139	1
6142	1
6146	1
6149	1
6154	1
6157	1
6163	1
6167	1
6170	1
6173	1
6176	1
6181	1
6184	1
6187	1
6192	1
6200	1
6205	1
6212	1
6216	1
6221	1
6227	1
6230	1
6233	1
6236	1
6243	1
6246	1
6250	1
6253	1
6257	1
6260	1
6263	1
6266	1
6271	1
6274	1
6277	1
6281	1
6284	1
6287	1
6290	1
6296	1
6299	1
6304	1
6308	1
6313	1
6316	1
6319	1
6322	1
6327	1
6332	1
6337	1
6348	1
6357	1
6406	1
6409	1
6412	1
6416	1
6420	1
6425	1
6432	1
6436	1
6439	1
6442	1
6446	1
6449	1
6452	1
6455	1
6459	1
6476	1
6481	1
6484	1
6491	1
6494	1
6498	1
6502	1
6506	1
6509	1
6516	1
6522	1
6525	1
6534	1
6538	1
6542	1
6545	1
6548	1
6551	1
6554	1
6562	1
6567	1
6570	1
6575	1
6582	1
6590	1
6595	1
6602	1
6606	1
6609	1
6612	1
6615	1
6620	1
6623	1
6636	1
6645	1
6651	1
6657	1
6661	1
6666	1
6669	1
6674	1
6677	1
6681	1
6688	1
6693	1
6702	1
6706	1
6710	1
6715	1
6718	1
6730	1
6734	1
6737	1
6740	1
6743	1
6750	1
6754	1
6760	1
6766	1
6770	1
6775	1
6778	1
6781	1
6789	1
6792	1
6795	1
6801	1
6807	1
6810	1
6814	1
6819	1
6822	1
6831	1
6834	1
6840	1
6846	1
6850	1
6853	1
6867	1
6870	1
6877	1
6880	1
6888	1
6891	1
6898	1
6901	1
6911	1
6914	1
6919	1
6923	1
6930	1
6934	1
6938	1
6942	1
6945	1
6948	1
6953	1
6960	1
6964	1
6967	1
6974	1
6981	1
6984	1
6987	1
6990	1
7001	1
7004	1
7007	1
7014	1
7017	1
7022	1
7026	1
7030	1
7038	1
7041	1
7045	1
7049	1
7052	1
7056	1
7060	1
7066	1
7080	1
7083	1
7087	1
7093	1
7098	1
7102	1
7110	1
7117	1
7121	1
7132	1
7142	1
7145	1
7148	1
7151	1
7162	1
7167	1
7171	1
7177	1
7180	1
7184	1
7187	1
7202	1
7207	1
7210	1
7213	1
7216	1
7221	1
7225	1
7241	1
7245	1
7248	1
7251	1
7254	1
7257	1
7260	1
7276	1
7280	1
7284	1
7288	1
7291	1
7294	1
7302	1
7305	1
7308	1
7312	1
7316	1
7322	1
7326	1
7329	1
7334	1
7343	1
7348	1
7354	1
7362	1
7366	1
7382	1
7388	1
7391	1
7394	1
7399	1
7402	1
7408	1
7411	1
7415	1
7424	1
7433	1
7440	1
7444	1
7447	1
7450	1
7459	1
7463	1
7469	1
7472	1
7476	1
7479	1
7483	1
7486	1
7491	1
7499	1
7504	1
7511	1
7514	1
7517	1
7521	1
7524	1
7527	1
7530	1
7534	1
7537	1
7541	1
7544	1
7558	1
7562	1
7565	1
7569	1
7572	1
7575	1
7580	1
7584	1
7592	1
7595	1
7598	1
7604	1
7607	1
7610	1
7616	1
7620	1
7625	1
7628	1
7632	1
7638	1
7641	1
7646	1
7649	1
7652	1
7656	1
7661	1
7668	1
7672	1
7677	1
7682	1
7686	1
7689	1
7698	1
7701	1
7704	1
7716	1
7721	1
7724	1
7735	1
7739	1
7742	1
7747	1
7750	1
7754	1
7760	1
7765	1
7772	1
7779	1
7783	1
7788	1
7791	1
7794	1
7806	1
7810	1
7813	1
7818	1
7821	1
7829	1
7833	1
7839	1
7845	1
7849	1
7856	1
7860	1
7863	1
7869	1
7878	1
7882	1
7885	1
7889	1
7906	1
7910	1
7913	1
7920	1
7923	1
7928	1
7931	1
7935	1
7940	1
7943	1
7952	1
7956	1
7967	1
7971	1
7974	1
7977	1
7980	1
7985	1
7991	1
7995	1
8001	1
8004	1
8007	1
8010	1
8015	1
8018	1
8021	1
8025	1
8035	1
8040	1
8044	1
8047	1
8056	1
8061	1
8064	1
8070	1
8076	1
8080	1
8086	1
8092	1
8095	1
8105	1
8114	1
8117	1
8120	1
8124	1
8132	1
8136	1
8140	1
8143	1
8146	1
8149	1
8156	1
8162	1
8170	1
8175	1
8179	1
8187	1
8191	1
8195	1
8208	1
8211	1
8224	1
8227	1
8231	1
8234	1
8237	1
8243	1
8246	1
8256	1
8260	1
8267	1
8271	1
8276	1
8279	1
8286	1
8291	1
8296	1
8301	1
8306	1
8319	1
8322	1
8325	1
8328	1
8331	1
8336	1
8343	1
8352	1
8355	1
8358	1
8361	1
8365	1
8374	1
8379	1
8383	1
8386	1
8391	1
8405	1
8409	1
8413	1
8417	1
8427	1
8436	1
8442	1
8446	1
8451	1
8454	1
8457	1
8461	1
8474	1
8477	1
8480	1
8483	1
8486	1
8489	1
8498	1
8501	1
8504	1
8507	1
8512	1
8515	1
8518	1
8524	1
8527	1
8535	1
8539	1
8544	1
8547	1
8550	1
8559	1
8564	1
8572	1
8580	1
8585	1
8588	1
8591	1
8594	1
8600	1
8604	1
8608	1
8612	1
8615	1
8621	1
8626	1
8630	1
8636	1
8639	1
8647	1
8663	1
8666	1
8669	1
8672	1
8675	1
8684	1
8688	1
8691	1
8694	1
8697	1
8701	1
8705	1
8714	1
8717	1
8721	1
8727	1
8730	1
8734	1
8738	1
8750	1
8753	1
8756	1
8772	1
8775	1
8779	1
8782	1
8787	1
8791	1
8797	1
8808	1
8812	1
8815	1
8818	1
8830	1
8835	1
8838	1
8842	1
8854	1
8870	1
8891	1
8915	1
8940	1
8943	1
8962	1
8965	1
8968	1
8971	1
8982	1
9001	1
9005	1
9014	1
9026	1
9034	1
9041	1
9052	1
9064	1
9068	1
9073	1
9082	1
9085	1
9088	1
9092	1
9095	1
9099	1
9109	1
9113	1
9116	1
9120	1
9124	1
9127	1
9130	1
9135	1
9138	1
9141	1
9150	1
9153	1
9156	1
9160	1
9167	1
9173	1
9176	1
9179	1
9188	1
9203	1
9213	1
9220	1
9225	1
9230	1
9234	1
9239	1
9242	1
9247	1
9250	1
9254	1
9261	1
9269	1
9273	1
9277	1
9280	1
9284	1
9295	1
9299	1
9308	1
9313	1
9316	1
9322	1
9325	1
9329	1
9332	1
9335	1
9338	1
9341	1
9345	1
9349	1
9358	1
9362	1
9366	1
9369	1
9372	1
9375	1
9379	1
9388	1
9394	1
9398	1
9401	1
9411	1
9419	1
9426	1
9430	1
9433	1
9438	1
9444	1
9459	1
9468	1
9473	1
9476	1
9479	1
9482	1
9485	1
9488	1
9491	1
9494	1
9505	1
9509	1
9512	1
9521	1
9524	1
9528	1
9531	1
9542	1
9545	1
9548	1
9551	1
9555	1
9558	1
9561	1
9566	1
9569	1
9572	1
9575	1
9581	1
9584	1
9588	1
9592	1
9596	1
9599	1
9602	1
9609	1
9615	1
9623	1
9627	1
9633	1
9636	1
9654	1
9658	1
9661	1
9669	1
9672	1
9678	1
9682	1
9686	1
9689	1
9692	1
9696	1
9700	1
9711	1
9718	1
9723	1
9729	1
9732	1
9739	1
9742	1
9746	1
9749	1
9752	1
9763	1
9768	1
9772	1
9775	1
9780	1
9785	1
9788	1
9791	1
9843	1
9848	1
9860	1
9864	1
9867	1
9873	1
9876	1
9880	1
9883	1
9888	1
9899	1
9907	1
9918	1
9922	1
9928	1
9932	1
9936	1
9942	1
9946	1
9949	1
9952	1
9967	1
9976	1
9989	1
9993	1
9996	1
10001	1
10005	1
10016	1
10019	1
10026	1
10031	1
10035	1
10043	1
10046	1
10050	1
10054	1
10058	1
10063	1
10068	1
10074	1
10077	1
10085	1
10096	1
10099	1
10104	1
10111	1
10115	1
10119	1
10127	1
10131	1
10135	1
10144	1
10147	1
10151	1
10154	1
10161	1
10166	1
10169	1
10172	1
10175	1
10178	1
10183	1
10186	1
10189	1
10192	1
10195	1
10198	1
10202	1
10207	1
10215	1
10218	1
10221	1
10224	1
10230	1
10233	1
10237	1
10245	1
10249	1
10252	1
10255	1
10261	1
10272	1
10277	1
10280	1
10283	1
10286	1
10295	1
10301	1
10310	1
10313	1
10316	1
10321	1
10324	1
10330	1
10338	1
10348	1
10351	1
10356	1
10365	1
10370	1
10375	1
10378	1
10382	1
10385	1
10388	1
10391	1
10395	1
10400	1
10410	1
10414	1
10419	1
10422	1
10426	1
10438	1
10442	1
10450	1
10455	1
10458	1
10465	1
10468	1
10471	1
10486	1
10495	1
10498	1
10509	1
10512	1
10515	1
10518	1
10526	1
10529	1
10534	1
10537	1
10541	1
10546	1
10550	1
10553	1
10566	1
10569	1
10578	1
10583	1
10586	1
10589	1
10593	1
10597	1
10601	1
10606	1
10610	1
10614	1
10618	1
10623	1
10626	1
10630	1
10635	1
10639	1
10642	1
10645	1
10648	1
10651	1
10656	1
10661	1
10669	1
10674	1
10678	1
10684	1
10687	1
10695	1
10699	1
10702	1
10705	1
10713	1
10718	1
10722	1
10732	1
10735	1
10745	1
10749	1
10752	1
10755	1
10758	1
10761	1
10769	1
10774	1
10787	1
10791	1
10798	1
10801	1
10804	1
10807	1
10810	1
10817	1
10820	1
10827	1
10830	1
10833	1
10842	1
10845	1
10852	1
10855	1
10858	1
10863	1
10873	1
10877	1
10880	1
10887	1
10891	1
10894	1
10903	1
10906	1
10909	1
10914	1
10924	1
10931	1
10936	1
10944	1
10952	1
10955	1
10960	1
10966	1
10970	1
10973	1
10980	1
10985	1
10989	1
10994	1
11000	1
11007	1
11010	1
11015	1
11020	1
11025	1
11030	1
11039	1
11042	1
11045	1
11049	1
11052	1
11055	1
11058	1
11061	1
11064	1
11069	1
11073	1
11076	1
11079	1
11082	1
11085	1
11089	1
11095	1
11101	1
11104	1
11109	1
11122	1
11127	1
11130	1
11133	1
11136	1
11142	1
11146	1
11150	1
11153	1
11157	1
11160	1
11164	1
11167	1
11172	1
11177	1
11180	1
11183	1
11195	1
11198	1
11207	1
11210	1
11220	1
11223	1
11226	1
11230	1
11233	1
11237	1
11243	1
11249	1
11252	1
11256	1
11263	1
11269	1
11272	1
11276	1
11279	1
11283	1
11289	1
11292	1
11296	1
11299	1
11303	1
11310	1
11313	1
11316	1
11322	1
11330	1
11333	1
11337	1
11349	1
11352	1
11356	1
11363	1
11367	1
11370	1
11373	1
11376	1
11382	1
11385	1
11388	1
11392	1
11395	1
11398	1
11401	1
11404	1
11407	1
11410	1
11414	1
11417	1
11427	1
11430	1
11433	1
11438	1
11441	1
11445	1
11453	1
11456	1
11460	1
11469	1
11473	1
11478	1
11482	1
11489	1
11492	1
11504	1
11511	1
11514	1
11525	1
11529	1
11536	1
11540	1
11544	1
11547	1
11553	1
11563	1
11571	1
11584	1
11616	1
11646	1
11667	1
11676	1
11680	1
11685	1
11689	1
11693	1
11697	1
11701	1
11704	1
11707	1
11714	1
11717	1
11722	1
11725	1
11729	1
11734	1
11739	1
11745	1
11748	1
11755	1
11760	1
11763	1
11769	1
11772	1
11775	1
11792	1
11795	1
11798	1
11802	1
11807	1
11810	1
11813	1
11816	1
11822	1
11825	1
11828	1
11831	1
11839	1
11842	1
11849	1
11854	1
11858	1
11863	1
11866	1
11875	1
11878	1
11881	1
11901	1
11908	1
11912	1
11918	1
11923	1
11926	1
11929	1
11932	1
11936	1
11939	1
11942	1
11947	1
11951	1
11954	1
11964	1
11969	1
11972	1
11975	1
11982	1
11987	1
11997	1
12000	1
12004	1
12010	1
12028	1
12031	1
12035	1
12038	1
12044	1
12048	1
12051	1
12054	1
12057	1
12064	1
12069	1
12079	1
12087	1
12092	1
12096	1
12104	1
12109	1
12112	1
12115	1
12118	1
12122	1
12125	1
12134	1
12137	1
12140	1
12145	1
12149	1
12154	1
12158	1
12165	1
12168	1
12171	1
12174	1
12179	1
12182	1
12187	1
12193	1
12197	1
12201	1
12209	1
12219	1
12222	1
12225	1
12233	1
12240	1
12243	1
12246	1
12249	1
12253	1
12265	1
12268	1
12274	1
12277	1
12281	1
12284	1
12287	1
12293	1
12303	1
12307	1
12314	1
12318	1
12324	1
12330	1
12335	1
12338	1
12344	1
12351	1
12354	1
12357	1
12360	1
12363	1
12366	1
12370	1
12378	1
12382	1
12385	1
12391	1
12394	1
12405	1
12408	1
12413	1
12416	1
12421	1
12424	1
12433	1
12439	1
12445	1
12449	1
12456	1
12459	1
12462	1
12467	1
12474	1
12478	1
12481	1
12487	1
12490	1
12493	1
12498	1
12501	1
12506	1
12510	1
12513	1
12516	1
12520	1
12523	1
12537	1
12543	1
12553	1
12563	1
12568	1
12574	1
12579	1
12587	1
12604	1
12616	1
12619	1
12624	1
12627	1
12637	1
12641	1
12644	1
12649	1
12655	1
12663	1
12666	1
12669	1
12673	1
12679	1
12682	1
12689	1
12692	1
12695	1
12699	1
12702	1
12705	1
12708	1
12712	1
12718	1
12721	1
12730	1
12735	1
12738	1
12741	1
12744	1
12747	1
12750	1
12755	1
12759	1
12765	1
12769	1
12772	1
12775	1
12778	1
12781	1
12786	1
12791	1
12794	1
12797	1
12804	1
12807	1
12813	1
12816	1
12819	1
12823	1
12830	1
12833	1
12837	1
12846	1
12850	1
12857	1
12860	1
12864	1
12871	1
12875	1
12881	1
12884	1
12887	1
12890	1
12897	1
12900	1
12903	1
12906	1
12910	1
12915	1
12919	1
12924	1
12927	1
12930	1
12934	1
12937	1
12940	1
12951	1
12954	1
12958	1
12961	1
12966	1
12981	1
12993	1
12997	1
13006	1
13013	1
13017	1
13031	1
13036	1
13049	1
13053	1
13056	1
13063	1
13069	1
13074	1
13077	1
13080	1
13083	1
13086	1
13090	1
13095	1
13099	1
13102	1
13105	1
13108	1
13113	1
13117	1
13120	1
13123	1
13126	1
13130	1
13133	1
13136	1
13141	1
13144	1
13147	1
13151	1
13154	1
13157	1
13160	1
13163	1
13166	1
13169	1
13175	1
13180	1
13193	1
13199	1
13202	1
13207	1
13210	1
13215	1
13219	1
13223	1
13228	1
13231	1
13234	1
13237	1
13243	1
13247	1
13251	1
13254	1
13257	1
13262	1
13265	1
13274	1
13277	1
13282	1
13286	1
13290	1
13303	1
13312	1
13316	1
13322	1
13325	1
13329	1
13335	1
13338	1
13341	1
13345	1
13348	1
13355	1
13358	1
13361	1
13364	1
13367	1
13370	1
13386	1
13390	1
13420	1
13434	1
13437	1
13441	1
13449	1
13452	1
13455	1
13458	1
13465	1
13474	1
13477	1
13483	1
13486	1
13489	1
13493	1
13496	1
13502	1
13505	1
13511	1
13515	1
13519	1
13522	1
13525	1
13530	1
13534	1
13539	1
13547	1
13550	1
13553	1
13559	1
13563	1
13567	1
13570	1
13573	1
13578	1
13588	1
13593	1
13603	1
13606	1
13609	1
13614	1
13621	1
13626	1
13632	1
13635	1
13641	1
13645	1
13653	1
13656	1
13659	1
13667	1
13672	1
13676	1
13679	1
13687	1
13694	1
13699	1
13707	1
13711	1
13716	1
13731	1
13734	1
13737	1
13741	1
13746	1
13760	1
13764	1
13767	1
13770	1
13774	1
13780	1
13787	1
13793	1
13797	1
13800	1
13803	1
13808	1
13811	1
13814	1
13818	1
13828	1
13833	1
13844	1
13847	1
13853	1
13856	1
13859	1
13862	1
13867	1
13871	1
13884	1
13890	1
13893	1
13898	1
13906	1
13911	1
13914	1
13917	1
13921	1
13925	1
13930	1
13933	1
13936	1
13944	1
13950	1
13956	1
13959	1
13962	1
13965	1
13968	1
13978	1
13982	1
13986	1
13993	1
13998	1
14003	1
14008	1
14012	1
14024	1
14028	1
14031	1
14034	1
14037	1
14040	1
14043	1
14047	1
14050	1
14053	1
14057	1
14060	1
14066	1
14069	1
14075	1
14078	1
14081	1
14095	1
14099	1
14102	1
14106	1
14109	1
14121	1
14124	1
14127	1
14131	1
14136	1
14144	1
14147	1
14150	1
14155	1
14160	1
14164	1
14167	1
14170	1
14173	1
14176	1
14182	1
14186	1
14189	1
14192	1
14200	1
14205	1
14208	1
14212	1
14215	1
14221	1
14233	1
14241	1
14244	1
14247	1
14251	1
14254	1
14257	1
14262	1
14266	1
14270	1
14276	1
14280	1
14285	1
14288	1
14296	1
14301	1
14305	1
14309	1
14312	1
14315	1
14318	1
14325	1
14330	1
14338	1
14341	1
14347	1
14350	1
14356	1
14359	1
14362	1
14367	1
14371	1
14376	1
14381	1
14386	1
14393	1
14396	1
14399	1
14405	1
14408	1
14415	1
14424	1
14428	1
14435	1
14440	1
14443	1
14447	1
14453	1
14456	1
14462	1
14467	1
14471	1
14475	1
14478	1
14482	1
14490	1
14497	1
14501	1
14508	1
14511	1
14515	1
14519	1
14527	1
14530	1
14534	1
14540	1
14551	1
14555	1
14559	1
14565	1
14569	1
14572	1
14575	1
14578	1
14585	1
14591	1
14596	1
14599	1
14605	1
14610	1
14613	1
14618	1
14621	1
14626	1
14631	1
14638	1
14641	1
14644	1
14647	1
14651	1
14654	1
14657	1
14661	1
14664	1
14673	1
14676	1
14680	1
14683	1
14692	1
14697	1
14701	1
14705	1
14710	1
14715	1
14718	1
14721	1
14728	1
14731	1
14735	1
14738	1
14742	1
14747	1
14750	1
14756	1
14761	1
14765	1
14771	1
14777	1
14782	1
14785	1
14789	1
14793	1
14796	1
14800	1
14803	1
14809	1
14847	1
14851	1
14854	1
14858	1
14866	1
14869	1
14879	1
14882	1
14889	1
14894	1
14898	1
14911	1
14916	1
14919	1
14925	1
14928	1
14932	1
14935	1
14938	1
14941	1
14948	1
14951	1
14956	1
14959	1
14962	1
14970	1
14983	1
14986	1
14995	1
15001	1
15009	1
15014	1
15018	1
15028	1
15031	1
15034	1
15037	1
15041	1
15044	1
15047	1
15050	1
15053	1
15060	1
15066	1
15069	1
15074	1
15084	1
15089	1
15095	1
15100	1
15110	1
15113	1
15116	1
15119	1
15122	1
15125	1
15128	1
15134	1
15138	1
15142	1
15146	1
15153	1
15156	1
15159	1
15164	1
15167	1
15170	1
15173	1
15177	1
15182	1
15185	1
15193	1
15196	1
15200	1
15203	1
15207	1
15210	1
15213	1
15216	1
15219	1
15223	1
15226	1
15229	1
15232	1
15235	1
15238	1
15247	1
15250	1
15253	1
15257	1
15261	1
15265	1
15269	1
15275	1
15288	1
15292	1
15296	1
15300	1
15305	1
15309	1
15312	1
15317	1
15320	1
15324	1
15327	1
15331	1
15334	1
15338	1
15341	1
15344	1
15347	1
15350	1
15354	1
15360	1
15363	1
15367	1
15371	1
15377	1
15385	1
15391	1
15394	1
15398	1
15403	1
15406	1
15412	1
15416	1
15419	1
15422	1
15425	1
15428	1
15431	1
15448	1
15461	1
15465	1
15469	1
15472	1
15484	1
15491	1
15497	1
15501	1
15504	1
15509	1
15513	1
15516	1
15519	1
15537	1
15541	1
15545	1
15549	1
15554	1
15557	1
15560	1
15563	1
15567	1
15570	1
15573	1
15578	1
15585	1
15588	1
15592	1
15595	1
15601	1
15609	1
15612	1
15621	1
15632	1
15635	1
15638	1
15643	1
15646	1
15651	1
15654	1
15660	1
15664	1
15667	1
15670	1
15677	1
15680	1
15685	1
15689	1
15693	1
15697	1
15700	1
15707	1
15715	1
15718	1
15721	1
15727	1
15731	1
15735	1
15740	1
15744	1
15749	1
15752	1
15755	1
15758	1
15761	1
15764	1
15769	1
15773	1
15776	1
15779	1
15785	1
15789	1
15794	1
15799	1
15804	1
15807	1
15811	1
15814	1
15817	1
15824	1
15828	1
15833	1
15836	1
15841	1
15848	1
15852	1
15856	1
15859	1
15862	1
15869	1
15872	1
15875	1
15880	1
15883	1
15896	1
15899	1
15903	1
15907	1
15911	1
15914	1
15918	1
15923	1
15927	1
15932	1
15935	1
15940	1
15943	1
15953	1
15957	1
15963	1
15966	1
15969	1
15973	1
15979	1
15987	1
15998	1
16003	1
16006	1
16009	1
16012	1
16015	1
16018	1
16021	1
16024	1
16027	1
16030	1
16033	1
16037	1
16041	1
16053	1
16056	1
16066	1
16069	1
16077	1
16084	1
16090	1
16094	1
16099	1
16102	1
16105	1
16110	1
16113	1
16117	1
16121	1
16124	1
16128	1
16132	1
16135	1
16142	1
16145	1
16150	1
16153	1
16161	1
16167	1
16173	1
16176	1
16183	1
16187	1
16193	1
16196	1
16204	1
16210	1
16213	1
16221	1
16226	1
16230	1
16233	1
16236	1
16240	1
16244	1
16249	1
16254	1
16259	1
16262	1
16269	1
16275	1
16280	1
16286	1
16289	1
16292	1
16295	1
16299	1
16303	1
16306	1
16309	1
16312	1
16315	1
16319	1
16327	1
16335	1
16342	1
16345	1
16349	1
16352	1
16357	1
16361	1
16364	1
16367	1
16376	1
16380	1
16383	1
16386	1
16389	1
16393	1
16396	1
16400	1
16404	1
16411	1
16420	1
16423	1
16426	1
16429	1
16432	1
16437	1
16442	1
16447	1
16450	1
16454	1
16458	1
16462	1
16468	1
16479	1
16483	1
16487	1
16491	1
16499	1
16502	1
16505	1
16509	1
16512	1
16524	1
16530	1
16533	1
16536	1
16541	1
16544	1
16547	1
16550	1
16553	1
16557	1
16562	1
16570	1
16573	1
16576	1
16579	1
16583	1
16589	1
16599	1
16603	1
16607	1
16611	1
16615	1
16619	1
16624	1
16644	1
16669	1
16680	1
16695	1
16698	1
16701	1
16707	1
16711	1
16721	1
16728	1
16731	1
16736	1
16741	1
16744	1
16750	1
16753	1
16756	1
16761	1
16764	1
16769	1
16773	1
16778	1
16781	1
16784	1
16787	1
16790	1
16793	1
16797	1
16802	1
16806	1
16809	1
16813	1
16816	1
16819	1
16822	1
16826	1
16829	1
16843	1
16847	1
16851	1
16854	1
16857	1
16860	1
16866	1
16871	1
16876	1
16879	1
16882	1
16895	1
16899	1
16911	1
16914	1
16917	1
16920	1
16923	1
16927	1
16931	1
16934	1
16937	1
16940	1
16943	1
16948	1
16951	1
16958	1
16963	1
16966	1
16969	1
16972	1
16975	1
16982	1
16986	1
16990	1
16993	1
16996	1
17000	1
17003	1
17007	1
17010	1
17015	1
17018	1
17021	1
17025	1
17029	1
17032	1
17192	1
17197	1
17201	1
17204	1
17207	1
17216	1
17219	1
17222	1
17225	1
17230	1
17233	1
17236	1
17242	1
17247	1
17251	1
17256	1
17259	1
17264	1
17267	1
17271	1
17282	1
17286	1
17290	1
17295	1
17300	1
17306	1
17309	1
17312	1
17315	1
17320	1
17323	1
17328	1
17332	1
17335	1
17341	1
17344	1
17347	1
17352	1
17355	1
17358	1
17361	1
17364	1
17367	1
17373	1
17376	1
17379	1
17383	1
17390	1
17393	1
17396	1
17405	1
17408	1
17414	1
17417	1
17421	1
17424	1
17427	1
17430	1
17437	1
17441	1
17445	1
17448	1
17453	1
17458	1
17462	1
17471	1
17476	1
17479	1
17482	1
17485	1
17488	1
17493	1
17496	1
17499	1
17504	1
17507	1
17512	1
17515	1
17521	1
17527	1
17539	1
17549	1
17554	1
17557	1
17560	1
17563	1
17570	1
17574	1
17577	1
17588	1
17591	1
17594	1
17597	1
17600	1
17603	1
17608	1
17611	1
17614	1
17617	1
17620	1
17624	1
17636	1
17643	1
17646	1
17650	1
17653	1
17657	1
17660	1
17664	1
17667	1
17674	1
17677	1
17680	1
17687	1
17691	1
17695	1
17700	1
17705	1
17716	1
17719	1
17723	1
17726	1
17729	1
17732	1
17736	1
17739	1
17742	1
17745	1
17748	1
17754	1
17758	1
17762	1
17765	1
17768	1
17778	1
17782	1
17785	1
17791	1
17794	1
17798	1
17803	1
17807	1
17810	1
17817	1
17820	1
17823	1
17826	1
17829	1
17839	1
17844	1
17847	1
17851	1
17854	1
17859	1
17862	1
17865	1
17868	1
17873	1
17877	1
17881	1
17884	1
17887	1
17891	1
17895	1
17898	1
17902	1
17906	1
17910	1
17918	1
17921	1
17924	1
17928	1
17931	1
17952	1
17955	1
17958	1
17963	1
17967	1
17970	1
17974	1
17979	1
17982	1
17987	1
17990	1
17993	1
17996	1
17999	1
18002	1
18011	1
18015	1
18022	1
18027	1
18031	1
18034	1
18039	1
18044	1
18047	1
18050	1
18054	1
18057	1
18060	1
18063	1
18066	1
18069	1
18072	1
18075	1
18084	1
18134	1
18177	1
18186	1
18190	1
18198	1
18204	1
18208	1
18213	1
18224	1
18229	1
18235	1
18246	1
18249	1
18255	1
18259	1
18262	1
18270	1
18274	1
18277	1
18280	1
18284	1
18295	1
18299	1
18303	1
18308	1
18311	1
18315	1
18321	1
18329	1
18332	1
18335	1
18339	1
18342	1
18345	1
18349	1
18352	1
18355	1
18358	1
18367	1
18387	1
18390	1
18396	1
18400	1
18403	1
18408	1
18416	1
18419	1
18423	1
18426	1
18441	1
18446	1
18449	1
18454	1
18458	1
18461	1
18467	1
18470	1
18473	1
18477	1
18482	1
18485	1
18493	1
18501	1
18505	1
18510	1
18513	1
18516	1
18519	1
18522	1
18525	1
18533	1
18536	1
18539	1
18544	1
18547	1
18550	1
18554	1
18559	1
18563	1
18567	1
18575	1
18578	1
18581	1
18584	1
18587	1
18590	1
18593	1
18598	1
18602	1
18605	1
18610	1
18623	1
18639	1
18644	1
18651	1
18657	1
18660	1
18666	1
18669	1
18672	1
18675	1
18680	1
18685	1
18690	1
18693	1
18697	1
18700	1
18703	1
18706	1
18709	1
18712	1
18715	1
18721	1
18726	1
18736	1
18739	1
18742	1
18747	1
18750	1
18753	1
18757	1
18762	1
18766	1
18769	1
18779	1
18785	1
18788	1
18794	1
18801	1
18804	1
18809	1
18812	1
18815	1
18818	1
18822	1
18831	1
18834	1
18837	1
18840	1
